<?xml version="1.0" encoding="utf-8"?>
<install type="component" version="1.5" method="upgrade">
    <name>HD FLV Player</name>
    <version>2.0</version>
    <creationDate>July 14, 2012</creationDate>
    <license>http://www.gnu.org/licenses/gpl-2.0.html GNU/GPL</license>
    <author>Apptha</author>
    <copyright>(C) 2011 Contus </copyright>
    <authorEmail>support@apptha.com</authorEmail>
    <authorUrl>http://www.apptha.com</authorUrl>
    <description>Thank you for installing HD FLV Player by hdflvplayer.net, the powerful Video Player Component To Play  Online Videos.</description>
    <installfile>hdflvplayerinstall.php</installfile>
    <uninstallfile>uninstall.hdflvplayer.php</uninstallfile>
    <installfile>com_subinstall.php</installfile>
    <uninstallfile>com_subinstall.php</uninstallfile>
    <subinstall>
        <install type="plugin"  folder="content" name="hdflvplayer" publish="true">
            HD FLV Player Plugin
        </install>
        <install type="module"  client="site"  name="mod_hdflvplayer">
            HD FLV Player Module
        </install>
    </subinstall>
     <languages>
        <language tag="en-GB" client="site">language/en-GB/en-GB.com_hdflvplayer.ini</language>
        <language tag="en-GB">language/en-GB/en-GB.mod_hdflvplayer.ini</language>
        <language tag="en-GB">language/en-GB/en-GB.com_hdflvplayer.sys.ini</language>
    </languages>
    <files folder="site">
        <filename>index.html</filename>
        <filename>router.php</filename>
        <filename>hdflvplayer.php</filename>
        <filename>controller.php</filename>
        <folder>models/</folder>
        <folder>views/</folder>
        <folder>images/</folder>
        <folder>hdflvplayer/</folder>
        <folder>css</folder>
        <folder>videos</folder>
        <folder>js</folder>
        
    </files>
    <administration>
       
        <files folder="admin">
            <filename>index.html</filename>
            <filename>toolbar.hdflvplayer.html.php</filename>
            <filename>toolbar.hdflvplayer.php</filename>
            <filename>admin.hdflvplayer.php</filename>
            <filename>hdflvplayerController.php</filename>
            <filename>config.xml</filename>
            <folder>css/</folder>
            <folder>helpers/</folder>
            <folder>images/</folder>
            <folder>js/</folder>
            <folder>models/</folder>
            <folder>views/</folder>
            <folder>tables/</folder>
            <folder>assets/</folder>
          <folder>elements</folder>
        <folder>language</folder>
        </files>
        

         <menu img="components/com_hdflvplayer/images/icon.png">COM_HDFLVPLAYER</menu>
         <submenu>
            <menu img="components/com_hdflvplayer/images/membervideos.png" task="uploadvideos">COM_HDFLVPLAYER_SUBMENU_VIDEOS</menu>
            <menu img="components/com_hdflvplayer/images/playersettings.png" task="editplayersettings">COM_HDFLVPLAYER_SUBMENU_SETTINGS</menu>
            <menu img="components/com_hdflvplayer/images/iconcategory.png" task="playlistname">COM_HDFLVPLAYER_SUBMENU_PLAYLIST</menu>
            <menu img="components/com_hdflvplayer/images/checklist.png" task="checklist">COM_HDFLVPLAYER_SUBMENU_CHECKLIST</menu>
            <menu img="components/com_hdflvplayer/images/language-settings.png" task="editlanguagesetup">COM_HDFLVPLAYER_SUBMENU_LANGUAGE</menu>
            <menu img="components/com_hdflvplayer/images/ads.png" task="ads">COM_HDFLVPLAYER_SUBMENU_ADS</menu>
            <menu img="components/com_hdflvplayer/images/googleadsense.png" task="addgoogle">COM_HDFLVPLAYER_SUBMENU_GOOGLEADSENSE</menu>
        </submenu>
         <languages folder="admin">
            <language tag="en-GB">language/en-GB/en-GB.com_hdflvplayer.ini</language>
            <language tag="en-GB">language/en-GB/en-GB.com_hdflvplayer.sys.ini</language>
        </languages>
    </administration>
  
</install>